"","GEOID20","autom_netw_dens_raw","pedest_netw_dens_raw","street_no_autom_inters_dens_raw","autom_inters_dens_raw","NatWalkInd_raw","aadt_esri_point_raw","aadt_fhwa_segm_raw","barrier_factor_osm_raw","barrier_factor_faf5_raw","motorw_scale_pr_raw_raw","trunk_pr_raw_raw","prima_scale_pr_raw_raw","seconda_scale_pr_raw_raw","tertia_scale_pr_raw_raw","residential_pr_raw_raw","interstate_highw_scale_pr_raw_raw","freew_scales__rawpressw_scales_pr_raw_raw","other_princ_arter_pr_raw_raw","co2_emis_per_m2_raw","autom_netw_dens_scale","pedest_netw_dens_scale","street_no_autom_inters_dens_scale","autom_inters_dens_scale","NatWalkInd_scale","aadt_esri_point_scale","aadt_fhwa_segm_scale","barrier_factor_osm_scale","barrier_factor_faf5_scale","motorw_scale_pr_raw_scale","trunk_pr_raw_scale","prima_scale_pr_raw_scale","seconda_scale_pr_raw_scale","tertia_scale_pr_raw_scale","residential_pr_raw_scale","interstate_highw_scale_pr_raw_scale","freew_scales__rawpressw_scales_pr_raw_scale","other_princ_arter_pr_raw_scale","co2_emis_per_m2_scale","csi","csi_normal","csi_100","Shape"
"1","090091401001",4.00052696137712,7.06928174508061,61.2757278589186,14.7032340393326,16.8333333333333,3778.23728785702,3964.5970326221,100,66.6666666666667,0.899348159712678,0.944551940390808,0.971964134736475,0.983125339992293,0.952061566334305,0.928887863262699,0.876366497283052,0.952751996369225,0.972425887120459,7.15889603186018,0.820077385302559,-1.24854472213289,-0.578107726660346,1.31292778413381,1.57154231830699,-1.05606416035664,-0.488225260372303,0.245007877483276,1.2966334434784,0.984043968050212,1.26495145083052,0.729062526593063,0.949305375877986,0.828193751006637,0.245534204661752,0.734941521850018,1.38160280461469,0.703328757805732,0.216705168145742,-0.186911196408836,0.0783038409851057,7.83038409851057,c(951959.804573495, 671954.293615042)
"2","090091402001",9.73462325318254,8.29892494288084,39.8844335243179,21.864350389004,15.5,25519.9434458302,111975.548682511,0,0,0.981410775955885,0.805975233632918,0.962139240444674,0.973009835878139,0.801974070703635,0,0.987402570142931,0.869145463651785,0.784690650508015,29.8981506565282,2.51612502472025,-1.02140112183873,-0.890943647594238,2.1155583078831,0.888616530734372,2.73365384608802,6.14416893950408,-4.04262997847406,-1.01618459008841,1.39301958168559,0.653826775637335,0.654155016341836,0.900079390032658,-0.188436961330695,-6.00506593017909,1.18860037409275,0.939556320351599,-0.705860683815629,2.26853189204894,0.104986742669645,0.1379662418313,13.79662418313,c(953508.320719964, 667233.609419055)
"3","090091403001",0,11.8217363177132,94.7003161811372,0,14,5976.60401485962,5368.37187561569,100,33.3333333333333,0.777137560832034,0.850820522471266,0.894809055952591,0.972974016135419,0.994248055778877,0.887204445092381,0.83716352305569,0.852463920016423,0.896442011810505,0.661681212053727,-0.363210087383768,-0.370656206347719,-0.0892914958115183,-0.335036564097924,0.120325019715175,-0.672874823256923,-0.402026703796465,0.245007877483276,0.140224426694994,0.374982778460178,0.851594951952578,0.140812446410395,0.899905077202749,1.11394760834718,-0.0349586185740436,0.574770364545762,0.851357258909659,0.132974056406197,-0.3695567484501,0.472056714002651,0.212993410016898,21.2993410016898,c(949769.162555884, 667943.127675601)
"4","090091403002",1.22233907019545,12.6403816781568,163.010892549548,0,14.3333333333333,7641.15700543736,3719.73180722045,100,50,0.87859000021331,0.953620405712314,0.932590191440627,0.9839089406262,0.779979495329456,0.985177671953121,0.797291917180541,0.966275189134503,0.95974350891604,3.7656045773528,-0.00166309042528993,-0.219433433052232,0.909713133523622,-0.335036564097924,0.29105646660833,-0.382732623963129,-0.503261168082565,0.245007877483276,0.718428935086695,0.880591489834862,1.30494347440912,0.428865499178084,0.953118681994794,-0.337419131605775,0.624315217640721,0.411867386328755,1.45310295685885,0.608131533337905,-0.0894810373069897,-0.0855837392560826,0.0990146393705226,9.90146393705226,c(949778.87206835, 670327.899177943)
"5","090091404001",4.1431441004165,7.51960096560074,56.2262372808869,12.0450379779106,14.1666666666667,32837.2101956612,15362.4687515254,100,50,0.921811665481005,0.719015299985748,0.978788060318354,0.985798719245515,0.669936517654931,0.830882970324247,0.94676533102251,0.705134820259727,0.981652428773248,32.7409488195739,0.862261096509838,-1.16536032424122,-0.65195375067912,1.01499249125098,0.205690743161753,4.00910009480036,0.211659122874561,0.245007877483276,0.718428935086695,1.095995383647,0.270332590732248,0.781089882847147,0.96231508135516,-1.08280481687476,-0.413952716466104,1.02256925661124,0.0723952751948552,0.772585575622149,2.52504554378809,-0.467654048415491,0.0209214811643968,2.09214811643968,c(948923.543814944, 665458.901974162)
"6","090091404002",5.12058688446016,15.0714117498354,100.250052442328,34.0369123276352,14.8333333333333,27501.4841438503,34278.3484583995,100,100,0.949841401595559,0.653201070238767,0.997205318596241,0.751694629809656,0.394715817929812,0.945494480115042,0.965864647166115,0.634498054767157,0.929645335981852,19.7176982002307,1.15137195935186,0.22963416955986,-0.00812965365960696,3.47988047318662,0.547153636948063,3.07904902387336,1.37318551382883,0.245007877483276,2.4530424602618,1.23568723180248,-0.0199088265896668,0.921507776645925,-0.176926667039553,-2.94703617629489,0.357282162237495,1.10060312089662,-0.301077141742174,0.382206830675341,1.34992111275818,-0.0656599336814655,0.103086960258869,10.3086960258869,c(950220.354159418, 663703.156337075)
"7","090091405001",0,11.3856908135291,138.254490216518,0,16,5577.90096258871,3872.03880168755,100,71.4285714285714,0.731879557365574,0.838292128378852,0.936901323667248,0.971040296241725,0.917451784329712,0.91137456134194,0.791470984073899,0.835955200162878,0.937957996671362,2.34585771805859,-0.363210087383768,-0.451203917984416,0.547664357899214,-0.335036564097924,1.1447137010741,-0.74237130736157,-0.49390878287279,0.245007877483276,1.46183473159031,0.149430382168649,0.796344607579802,0.46173467536144,0.890494842473802,0.593761380839354,0.127685052275478,0.388084864449823,0.764071955551759,0.444603820642769,-0.21758877853072,-0.350900991316074,0.044785190907175,4.4785190907175,c(948545.741907393, 668414.544090485)
"8","090091405002",0,6.93434689511384,40.7198335513665,0,12.3333333333333,7839.14008932857,16719.251608597,100,100,0.75306418138059,0.755030558305725,0.997489732703094,0.825068400248001,0.843770501527795,0.953348180627524,0.829683916758494,0.729553588557819,0.994928775119948,3.43027756440216,-0.363210087383768,-1.27347031655038,-0.878726381414733,-0.335036564097924,-0.733332214750599,-0.348222910119039,0.294972144510578,0.245007877483276,2.4530424602618,0.255008232386079,0.429160243356789,0.923676222635459,0.180138699575476,0.0946748000014087,0.410130674338719,0.544211019995674,0.201502778225592,0.872241279221896,-0.119738534211587,-0.569301082687727,0.000145362899490646,0.0145362899490646,c(946900.486523454, 667286.683415965)
"9","090091405003",0,11.5405453906251,100.544070889337,0,13.8333333333333,8219.44746084231,10573.6711073538,100,80,0.680847600661541,0.80660121977859,0.948088984875727,0.71131525003108,0.843586247055463,0.864601094769133,0.779196685214167,0.777298605504727,0.953415873105235,2.16019992616496,-0.363210087383768,-0.422598688250672,-0.0038297954928778,-0.335036564097924,0.0349592962685991,-0.281932910459526,-0.0823961857254149,0.245007877483276,1.75919705019176,-0.104897675642611,0.656587380856634,0.547032269592119,-0.373428468135359,0.0934267362991592,-0.187059329721336,0.337935897637775,0.453941387942749,0.560634655629118,-0.234341201826731,-0.280701541928904,0.0591335885071777,5.91335885071777,c(947006.046203956, 668308.093524058)
"10","090091406001",0,19.9968711078856,138.360216370385,0,14.5,7594.11725738127,9243.14926055955,100,40,0.730445882614372,0.975683129089241,0.833779801104908,0.832112834170038,0.743819560117251,0.974498431932418,0.691206934094097,0.902046950596894,0.952996494244041,2.78225920143346,-0.363210087383768,1.13948067925592,0.549210544782271,-0.335036564097924,0.376422190054907,-0.390931951970393,-0.164096654471319,0.245007877483276,0.371506230051675,0.142285374636977,1.40224030713844,-0.324490222234367,0.214419660822805,-0.582351599419859,0.552453304321133,-0.0215628533008309,1.11351385881653,0.557486688982589,-0.178211048665811,1.29502435653628,0.381203660240992,38.1203660240992,c(947931.887243958, 671679.323337435)
"11","090091406002",0,8.30674172019332,100.685471874207,0,13.6666666666667,4555.91796793116,4808.51714370063,100,37.5,0.791235389854514,0.922939741168165,0.918687941029319,0.995901930582066,0.647353549186597,0.926762991998587,0.735423934827449,0.923251186106283,0.91941930474436,0.468908317538707,-0.363210087383768,-1.01995718188556,-0.00176188381671492,-0.335036564097924,-0.0504064271779788,-0.920509459399543,-0.436404488826661,0.245007877483276,0.284775553792919,0.445242155254941,1.16964143416789,0.322871181654564,1.01148124575319,-1.23577251897534,0.231235685825117,0.159094056527223,1.22562540624895,0.305447584464617,-0.386951187412097,-0.233011974554209,0.0688810848200093,6.88810848200093,c(948595.68728155, 670368.727811354)
"12","090091406003",0,18.300910994431,152.399730282595,0,15.8333333333333,5510.46923136494,5542.94916262903,100,37.5,0.698210060264636,0.868851230415754,0.977564653740978,0.901772789820905,0.732553362650501,0.925681444930245,0.719972638755229,0.844165521239517,0.978151332510177,0.548598230532271,-0.363210087383768,0.826197535971345,0.754530718283241,-0.335036564097924,1.05934797762753,-0.754125088052362,-0.391306815043234,0.245007877483276,0.284775553792919,-0.018368353334013,0.93111055593738,0.771762317784927,0.553412157109529,-0.658664168350584,0.223957823212649,0.0959648674155759,0.807481763955911,0.746305437822529,-0.379760543048216,-0.348734922590761,0.04522792394242,4.522792394242,c(947482.672892418, 669553.936375158)
"13","090091406004",0,14.8026626100744,96.0640292681444,0,14.1666666666667,6449.74251536933,7676.55801932693,100,37.5,0.656659922075627,0.964751166150368,0.838205882171893,0.931858798603597,0.617163128537366,0.942753508294421,0.638619122437757,0.841314132903676,0.936789367065322,2.36036048423332,-0.363210087383768,0.179989974161974,-0.069347941541713,-0.335036564097924,0.205690743161753,-0.590403765930711,-0.260292924416313,0.245007877483276,0.284775553792919,-0.225441854526359,1.35403024026252,-0.290744646653499,0.69982240278447,-1.44026996042722,0.33883782734072,-0.236420292541124,0.792405834502078,0.435831783321946,-0.216280153261379,-0.569768627681653,4.97991660523529e-05,0.00497991660523529,c(946856.094329127, 671422.796798754)
"14","090091406005",0,15.6367448991333,92.6872024954778,0,12.6666666666667,7508.91204943941,4664.60408089072,100,28.5714285714286,0.675653604869119,0.896070268264459,0.938008189873927,0.94122040662805,0.645200405198722,0.997848072224342,0.688654386456885,0.838034410756665,0.938329374723192,0.399522517891565,-0.363210087383768,0.334064305982273,-0.118732176863679,-0.335036564097924,-0.562600767857443,-0.405783762975194,-0.445241446084114,0.245007877483276,-0.0249768614169204,-0.130783002161204,1.0511467875201,0.470173706791295,0.745379636403346,-1.2503570271448,0.709575892019218,-0.0319917688916598,0.775065208149999,0.4473914807482,-0.393212062727726,-0.568324253137791,0.000345021712946592,0.0345021712946592,c(947072.716207793, 670074.33549303)
"15","090091407001",0,11.9694953698285,105.004287307369,0,14.1666666666667,6293.30751113251,4822.81526755098,100,9.09090909090909,0.593794769128513,0.921872047726964,0.88414462327099,0.964969268887219,0.84399025912907,0.886723581556886,0.653346187819797,0.797904585158936,0.884903060738631,0.878276472245891,-0.363210087383768,-0.343361684543699,0.0613984178575587,-0.335036564097924,0.205690743161753,-0.617671384584325,-0.435526514952293,0.245007877483276,-0.700800312783844,-0.538743034525672,1.16493289531799,0.0595040804682582,0.860950856998938,0.0961633472370557,-0.0381944081657466,-0.176250084733515,0.562889822531277,0.0463596929479491,-0.350012750616023,-0.566558844572985,0.000705861922313152,0.0705861922313152,c(947356.875580112, 674337.333215607)
"16","090091407002",0,15.6438417384696,91.0903254187789,0,15.3333333333333,6949.4008229179,7353.82652476202,100,30,0.548982072698086,0.8740670197929,0.951779934084152,0.910770038890758,0.782627769801029,0.975232447141464,0.655142788809475,0.759592281816312,0.95252841515195,0.681767163514983,-0.363210087383768,0.335375256703939,-0.142085626313406,-0.335036564097924,0.803250807287794,-0.503310137149785,-0.280110197201836,0.245007877483276,0.0245835250166539,-0.762076153311134,0.954112239723629,0.575173011614926,0.597196278035319,-0.319480814018512,0.557392582511848,-0.168909731982169,0.360324084589902,0.553973165755301,-0.367744336712623,-0.0976295385918476,0.0965525414511193,9.65525414511193,c(947466.695697835, 675285.293075735)
"17","090091407003",0,5.94909852910465,190.542007033051,0,16,8138.68922134833,7686.88111653535,100,20,0.712193913244689,0.985685259993031,0.842534952130478,0.993914075966633,0.930069666177192,0.672153516007124,0.701586057962056,0.889730121558393,0.968148185982677,2.14027773730047,-0.363210087383768,-1.45546852663247,1.31234054910042,-0.335036564097924,1.1447137010741,-0.296009586510402,-0.259659036379924,0.245007877483276,-0.322339180018367,0.0513230008455141,1.44634980535662,-0.257738708607775,1.0018075703676,0.679229701547152,-1.48206264425965,0.0208430180520333,1.04839202207992,0.671219222129073,-0.23613883680578,0.135703943537525,0.144244675851211,14.4244675851211,c(948399.636032782, 673117.971209984)
"18","090091407004",0,2.07911907160519,0,0,10,6727.45187993163,4070.64602936419,100,20,0.683718844071695,0.944078039694816,0.900275931965306,0.966117971767089,0.901405980904287,0.855751228405992,0.719654912755153,0.862113240888626,0.906672009933625,0.461020663548276,-0.363210087383768,-2.17034343393355,-1.47423156357248,-0.335036564097924,-1.92845234300268,-0.541997253038249,-0.481713339681382,0.245007877483276,-0.322339180018367,-0.0905882545039513,1.26286154397902,0.182493309206693,0.866540892954322,0.485073735024037,-0.246611163769933,0.0946667378185022,0.902375381877386,0.209763079090668,-0.387662912554966,-0.56879021269418,0.000249782034587925,0.0249782034587925,c(948638.114121958, 673915.738013334)
"19","090091407005",0,13.609251550773,188.844370915124,0,18,6589.51853239549,6334.40237610933,100,27.2727272727273,0.645008584091472,0.897857747981897,0.962139332440213,0.8805682508996,0.936192718966476,0.999153974687992,0.725208763551848,0.818764123436214,0.963048117042429,0.436508754433185,-0.363210087383768,-0.0404607103337551,1.28751355405958,-0.335036564097924,2.16910238243303,-0.56603991496408,-0.342707764461998,0.245007877483276,-0.0700317581747153,-0.283508649370198,1.05902959111163,0.65415571773938,0.450222605603512,0.720704732446236,0.718363469549527,0.117358044463828,0.673178878411463,0.632936780154819,-0.389874690865485,-0.474225414568973,0.0195783285447043,1.95783285447043,c(948758.549157989, 674819.098438609)
"20","090091408001",0,12.2640292928555,153.908870089465,0,13.5,9370.31058841931,11296.0033247131,100,27.2727272727273,0.631751453594214,0.984423561514878,0.791617543782132,0.97955045999228,0.7902569440992,1,0.634326089305204,0.83002276675313,0.965904902968117,2.37953724326941,-0.363210087383768,-0.2889544420161,0.776601058390555,-0.335036564097924,-0.135772150624557,-0.0813301295258722,-0.03804149820885,0.245007877483276,-0.0700317581747153,-0.349578235356731,1.44078570233604,-0.645946069882153,0.93190861637955,-0.267803938015592,0.724056477433965,-0.253960290430023,0.732705849977607,0.654380557232016,-0.214549780506529,-0.428252583381899,0.0289749330256292,2.89749330256292,c(947094.886007588, 673091.78381146)
"21","090091408002",0,3.41353729265956,23.9592309938728,0,11.1666666666667,11335.5912695932,19201.6336480754,100,100,0.440444832397991,1,0.973711676765391,0.643064690056778,0.655108961204476,0.747650968016625,0.528266400737422,0.678913686975705,0.98865056317509,4.33378603809839,-0.363210087383768,-1.92384545828448,-1.12384098058133,-0.335036564097924,-1.33089227887664,0.261230823650801,0.447402393379054,0.245007877483276,2.4530424602618,-1.30299340023958,1.50947795323877,0.742386234569719,-0.705562295705019,-1.18324056079271,-0.974031048224826,-0.687287184525063,-0.0662417356326283,0.825115389886492,-0.0382124304671043,-0.336089996177661,0.0478124802798533,4.78124802798533,c(944104.331839841, 672383.273410649)
"22","090091408003",0,19.1887258540449,125.601745913762,0,15.3333333333333,9707.28088380781,12258.647904308,100,50,0.555933186351514,0.96153761500156,0.938855926927536,0.797855910378427,0.563307683977677,0.821627744751553,0.60732482466871,0.762118843585622,0.94033508138303,1.6774941031294,-0.363210087383768,0.990197519029935,0.362624927634769,-0.335036564097924,0.803250807287794,-0.0225940585481843,0.0210695292260656,0.245007877483276,0.718428935086695,-0.727433875231251,1.33985844726802,0.476637071194777,0.0477121169732899,-1.80506450067786,-0.476232262254836,-0.364279058093505,0.373682583155697,0.462446835827167,-0.277897102133754,0.489470267464039,0.216552648598883,21.6552648598883,c(945476.744967032, 671298.236435338)
"23","090091408004",0,12.3273664727559,65.5438432728612,0,13,10437.449477491,8763.65934161784,100,50,0.501884917375421,0.956270862911646,0.905276447003528,0.914113091005921,0.866657884901604,0.837287584281339,0.548938540080894,0.73022336398921,0.92460923024921,0.26721316329844,-0.363210087383768,-0.277254596808326,-0.51568888489755,-0.335036564097924,-0.391869320964289,0.104678982818289,-0.193539651766598,0.245007877483276,0.718428935086695,-0.996794334138833,1.3166320174042,0.220618516497687,0.613464872684096,0.249704482954549,-0.370855285175326,-0.602827253923984,0.205044031104632,0.344404513148886,-0.40515070689428,-0.162051832143356,0.0833849640662448,8.33849640662448,c(945388.791909782, 673567.963607307)
"24","090091409001",0,14.2345339116813,85.6812384496003,0,16.3333333333333,7593.08227745274,9321.85321033263,100,55.5555555555556,0.446968709930382,0.850265348319066,0.964724464983946,0.794316601685775,0.791349316334832,0.950173573057955,0.585909272926897,0.682726689578363,0.965846351217039,0.686499978796505,-0.363210087383768,0.0750434350242011,-0.221190549883991,-0.335036564097924,1.31544514796726,-0.391112355570874,-0.159263851760032,0.245007877483276,0.911163771217262,-1.270480339613,0.849146628339061,0.673865430309224,0.0304884613214723,-0.260404659618799,0.388768351406956,-0.451776340491055,-0.0460815359424011,0.653941052582297,-0.367317281515159,-0.305966015516008,0.0539696632150687,5.39696632150687,c(946264.733753844, 676052.249256939)
"25","090091409002",0,14.4776250335308,168.681318326609,0,13.8333333333333,7987.63180018398,4886.41836046783,100,40,0.496670206758989,0.889841362112257,0.886677915989997,0.955406449723019,0.924623107103753,0.941448644216472,0.589455016619517,0.724672234794805,0.887469762883454,0.540716691108484,-0.363210087383768,0.119947999791634,0.992639993502579,-0.335036564097924,0.0349592962685982,-0.322339858147509,-0.431620977799697,0.245007877483276,0.371506230051675,-1.02278289716449,1.0236772485324,0.0788185529381326,0.814414451545882,0.642336959701129,0.3300572372349,-0.43728953478449,0.175693966410884,0.0656260258300339,-0.380471716456587,-0.297418485847422,0.0557167332455797,5.57167332455797,c(946160.853573092, 674934.102510897)
"26","090091409003",0,21.7761764435543,195.044045479693,0,13.5,9432.60250010684,8683.22430558117,100,66.6666666666667,0.372106831443733,0.91923574765508,0.984251260065192,0.933770209870861,0.982794876050804,0.857425753445113,0.500366488266985,0.630186408187266,0.985269423368413,2.87244799200694,-0.363210087383768,1.46815961692614,1.37818038662988,-0.335036564097924,-0.135772150624557,-0.0704722521512622,-0.19847875153683,0.245007877483276,1.2966334434784,-1.64356962306012,1.15330678539782,0.822742716850895,0.709124075041742,1.03636849879811,-0.235343079807074,-0.801277547683741,-0.323873783943177,0.79973567640174,-0.170073061130616,0.583536036799392,0.23577919625355,23.577919625355,c(944506.854742189, 675501.206842816)
"27","090091409004",0,18.9345745312722,163.421581282488,0,15.3333333333333,8594.85403376796,9706.66426676918,100,71.4285714285714,0.347760919363342,0.856524692649103,0.989560555926779,0.876491742177961,0.86465668399935,0.948499383985097,0.514748379178648,0.609026396979365,0.990672389671825,7.03126424675638,-0.363210087383768,0.943249878789751,0.915719230488901,-0.335036564097924,0.803250807287794,-0.216497151240958,-0.135634593987811,0.245007877483276,1.46183473159031,-1.76490239050543,0.876750399998171,0.863222148218467,0.430384725220566,0.236149174497706,0.377502528202205,-0.742517615384093,-0.435751507577913,0.840291744647587,0.205188594193869,0.282998082175718,0.17435082175094,17.435082175094,c(945008.451139742, 676646.10941978)
"28","090091409005",0,14.5695480519127,47.026098562983,0,10,8081.97132575997,9839.93426260835,100,40,0.340731460802405,0.826401526689121,0.942487074505747,0.605425993751247,0.80655990842248,0.920526687510575,0.43791996493833,0.524861119973326,0.940599914647002,3.46907388336346,-0.363210087383768,0.136928311952522,-0.786500722148703,-0.335036564097924,-1.92845234300268,-0.305895877339515,-0.127451172455832,0.245007877483276,0.371506230051675,-1.79993511624699,0.743906934138882,0.50432187027353,-0.888726862756118,-0.157374390480387,0.189270829554144,-1.05641461593701,-0.880752198173327,0.464434743084821,-0.116237833535695,0.573221934755384,0.233671048136914,23.3671048136914,c(943719.343874119, 677483.688405469)
"29","090091410001",0,15.7084101162031,61.0251973158495,0,11.6666666666667,8509.91655497128,6956.35239314332,100,33.3333333333333,0.580808838432459,0.705162510443739,0.913702666280835,0.88730076794036,0.836903622736978,0.911370198688423,0.270543112992945,0.70913363802781,0.914494062789037,5.14200246324883,-0.363210087383768,0.347302532689186,-0.581771598137087,-0.335036564097924,-1.07479510853691,-0.231302295348737,-0.304517028961766,0.245007877483276,0.140224426694994,-0.603461041557099,0.209241649062158,0.28486217023559,0.48298565772744,0.0481613989528555,0.127655695445937,-1.7402643648503,0.0935379213271105,0.268477439242492,0.0347152044617117,1.02266283252523,0.325534399704491,32.5534399704491,c(941006.241739799, 679415.761659922)
"30","090091410002",0,15.4053996174212,56.6105207994165,0,12.6666666666667,9656.19047712561,2829.23813918201,100,0,0.378994073566768,0.86507183818629,0.761024712758085,0.427033005940413,0.984094737934529,0.994562914650083,0.343002465755898,0.554088061246053,0.789749989435153,1.15634132721637,-0.363210087383768,0.291329470142768,-0.64633381545975,-0.335036564097924,-0.562600767857443,-0.0314994421806043,-0.557941781008458,0.245007877483276,-1.01618459008841,-1.60924566164539,0.914443398067233,-0.879193648480561,-1.75685667554461,1.0451732263821,0.687469664573736,-1.44421799035203,-0.726222806564217,-0.66788397189753,-0.324922178835021,0.882435030097041,0.296872575696196,29.6872575696196,c(941549.156086131, 676095.226384533)
"31","090091410003",0,19.9298286778899,100.744771225517,0,14,6464.30690206388,5482.22689447358,100,33.3333333333333,0.517530524800369,0.761234706291826,0.823812339024346,0.689067853595358,0.868284488260012,0.907625215706559,0.283281106875914,0.660131698541235,0.824987187673261,1.41487698458591,-0.363210087383768,1.12709638847228,-0.0008946634004289,-0.335036564097924,0.120325019715175,-0.587865100468666,-0.395035455639078,0.245007877483276,0.140224426694994,-0.91882129123276,0.45652059858215,-0.400484705818937,-0.481692970792009,0.260722422350496,0.102455246546547,-1.68822088442106,-0.165546319677358,-0.403384410677867,-0.301593781329097,0.389733059518279,0.196166888772945,19.6166888772945,c(940807.993943139, 678074.032262132)
"32","090091411001",1.22005259575633,6.21540243591891,27.3656934357909,0,9.66666666666667,12661.9146599433,16827.980018263,100,0,0.755496768685024,0.590683702834157,0.63230082596633,0.12061967490317,0.520960450331329,0.332995877928642,0.0674112727609587,0.842865553478595,0.632955443379237,0.73286373010994,-0.00233939046939502,-1.40627602243743,-1.07402333988718,-0.335036564097924,-2.09918378989584,0.492417447104241,0.301648594098464,0.245007877483276,-1.01618459008841,0.267131522272479,-0.295611047712774,-1.86061752776627,-3.24798337830116,-2.09190717285717,-3.76429590636668,-2.57019787312456,0.800608542932465,-1.84482455477778,-0.36313375019298,-0.0707048510242009,0.102055805733803,10.2055805733803,c(935896.03279604, 677427.948478948)
"33","090091411002",0,17.5547495555534,80.1905088634995,0,12.3333333333333,12259.8574035005,15900.8181859099,100,0,0.827751336022833,0.562597006960701,0.81277334465904,0.780243176489875,0.881450493003199,0.99308479832827,0.0578216270453228,0.898504464734031,0.81435493353272,2.08394349155205,-0.363210087383768,0.688364223079841,-0.301489451848442,-0.335036564097924,-0.733332214750598,0.422336303826332,0.244716378750728,0.245007877483276,-1.01618459008841,0.627226744283941,-0.419473659940267,-0.48464882596346,-0.0379983112279345,0.349903501190272,0.677523238911563,-2.60937818234047,1.09478394178334,-0.48319287149663,-0.241222033806096,0.517742159427868,0.222331274362228,22.2331274362228,c(936827.736654372, 679811.024605147)
"34","090091412001",4.0620194032721,12.0620112125309,66.3681803726804,0,11.1666666666667,15425.4165008965,8175.59651939122,100,0,0.8850716218141,0.475534386245619,0.882509796768703,0.243887344746992,0.939562394625339,0.968124244938973,0.0930568530155357,0.937234565973007,0.882319330955609,4.80378806022871,0.83826579819459,-0.326271863989842,-0.503633407947527,-0.335036564097924,-1.33089227887664,0.974113437814811,-0.229649549806764,0.245007877483276,-1.01618459008841,0.912893959496309,-0.803420695851069,0.0470397445332384,-2.64811484951198,0.743529523752278,0.509560619793225,-2.46541801011489,1.29955867087902,0.0269655461913996,0.00419717025258521,-0.404190408102125,0.0338931148781816,3.38931148781816,c(939363.391936311, 683635.853545683)
"35","090091412002",4.57382279376001,16.6715582177684,111.8960174194,18.9029508268266,17.5,15394.4076072219,15956.2724199086,100,66.6666666666667,0.878754575762196,0.505892780481168,0.941439539324758,0.412197448575887,0.92577002811684,0.912362905999068,0.0887520395727783,0.93776577501916,0.942767263203375,11.2177320366555,0.989648490097322,0.525218311670758,0.162186182389313,1.78363943300956,1.9130052120933,0.968708389937492,0.248121536601054,0.245007877483276,1.2966334434784,0.881411685304812,-0.669539870922819,0.496335193778302,-1.82905228029077,0.650105728988869,0.134335744454203,-2.48300613868663,1.30236729221073,0.480703424218235,0.58294532509201,0.546155891990218,0.228138891596605,22.8138891596605,c(938691.044606295, 682659.774373287)
"36","090091412003",0,13.9984228799596,89.0412866420491,0,14.8333333333333,9204.29836702257,14661.4351255277,100,33.3333333333333,0.756743921496543,0.59511570460409,0.962640150956016,0.820327904295575,0.817359759197444,0.989800455419304,0.141065572280293,0.843531994718246,0.964578785270013,0.393904121086063,-0.363210087383768,0.0314282546935344,-0.172051692074592,-0.335036564097924,0.547153636948062,-0.110267118193912,0.168612271754716,0.245007877483276,0.140224426694994,0.273346960065448,-0.276065875183614,0.657974086364254,0.157069598518272,-0.0842206614481841,0.655422493448553,-2.26926931790765,0.804132167192198,0.644426373391858,-0.393719026429981,2.14727391511335,0.555398979828862,55.5398979828862,c(938862.479780346, 680717.958387606)
"37","090091412004",5.01029806528307,11.7165622717019,69.845279811062,4.36396624873864,14.3333333333333,17756.9559308757,57138.7407011987,100,50,0.960552539729139,0.463883081430497,0.912017296932901,0.651995645977099,0.811316433894088,0.915422310871691,0,0.999988946110863,0.912178546292349,1.64944973561404,1.11875041239828,-0.390084290454756,-0.452782740008966,0.15408445346661,0.291056466608329,1.3805156261402,2.77692402924814,0.245007877483276,0.718428935086695,1.28906835089734,-0.854803067660197,0.272012482701263,-0.662100783084621,-0.125155651283413,0.154922854336532,-2.84561936310783,1.63135514910161,0.251096571069252,-0.280427624073578,4.32248174549727,1,100,c(936592.600158123, 682259.682175186)
"38","090091413001",0,13.5553675245471,85.5608078243929,0,12.1666666666667,10222.899623091,62065.4806436158,0,0,0.727275757902445,0.406179267115202,0.579699232553643,0,0.52688714471584,0.891840865504643,0.189241980315169,0.82132362038614,0.580552346942638,0.846610275748217,-0.363210087383768,-0.050414338945037,-0.222951781577413,-0.335036564097924,-0.818697938197176,0.0672815752463216,3.07944966131834,-4.04262997847406,-1.01618459008841,0.126486418197195,-1.1092774710854,-2.26166554729357,-3.83496573157243,-2.05176219270001,-0.00375957808677776,-2.07243550155087,0.686711512661715,-2.23817580592925,-0.352870080343437,1.03532337014409,0.328122146890132,32.8122146890132,c(943559.456520229, 685786.105717558)
"39","090091413002",0,15.4907414366628,89.0557451896447,0,13.3333333333333,9771.20305726061,7471.92061461693,100,25,0.402506370220445,0.726083379832777,0.930453538036715,0.818483774777808,0.997526292798853,0.975274519963429,0.428247005866619,0.572164248154835,0.930550657575436,2.47550813943167,-0.363210087383768,0.307094082278113,-0.171840243763812,-0.335036564097924,-0.221137874071135,-0.0114520161534869,-0.272858649607549,0.245007877483276,-0.148877827500856,-1.49206738495706,0.301502894182321,0.412575106426437,0.148095345479165,1.13615303207568,0.557675695680884,-1.09593531760845,-0.630649953436645,0.389002409672506,-0.205890057366395,1.29926612090633,0.382070654529955,38.2070654529955,c(944311.909724731, 679396.844567693)
"40","090091413003",0,16.2563366790392,132.311396206783,0,14.6666666666667,9080.77627039512,8607.92456628104,100,66.6666666666667,0.559686914522969,0.683816643185676,0.988707744555637,0.861349630483391,1,0.892127944630592,0.31496186773579,0.692814041882653,0.99005488265274,2.09397342040917,-0.363210087383768,0.448517269128209,0.460749874902056,-0.335036564097924,0.461787913501485,-0.131797807201553,-0.203102519280357,0.245007877483276,1.2966334434784,-0.708726413141674,0.115106159050897,0.856720095918579,0.356697307615518,1.15290890306579,-0.00182778750759303,-1.55878315090174,0.00725255741971423,0.835656576593237,-0.240317005193348,0.168836258034076,0.15101674637249,15.101674637249,c(942301.664033456, 680227.920064665)
"41","090091413004",0.677741460547895,9.76806097989807,77.1364336710358,0,12,7557.90461395441,17438.6225880843,100,0,0.716795092354616,0.517435379567867,0.775855504281115,0.138071828291174,0.66978096001182,0.494344487994137,0.206699073964009,0.813547049744473,0.776754471726024,0.566529204219968,-0.162745751627762,-0.750017642983273,-0.346153622725205,-0.335036564097924,-0.904063661643753,-0.397244046608165,0.339144997716946,0.245007877483276,-1.01618459008841,0.0742539057578282,-0.618636892472997,-0.766119895720463,-3.16305439740674,-1.08385850010708,-2.67856135893774,-2.00111124751119,0.645595040060342,-0.765431702811327,-0.378142580999535,-0.188703594258087,0.0779374843081949,7.79374843081949,c(941907.129596596, 683486.576591294)
"42","090091414001",0,17.0152993545133,109.3825810757,0,12,7424.88988992079,6327.32909712486,100,0,0.352012204597969,0.607398222314061,0.805324593275962,0.983072973228493,0.873970297813347,0.935982683005116,0.464826441195967,0.533696113440778,0.806272306114118,0.335988123955301,-0.363210087383768,0.588715267136475,0.125428557488692,-0.335036564097924,-0.904063661643753,-0.420429361096817,-0.343142097960538,0.245007877483276,-1.01618459008841,-1.74371525235207,-0.22189984813857,-0.541440014144731,0.949050538793792,0.299235748141776,0.293276115168422,-0.946483124102469,-0.834039606778419,-0.543863171992037,-0.398944949294026,-0.357696038092888,0.0433963191465631,4.33963191465631,c(946530.12919189, 681316.459882586)
"43","090091414002",0,21.6018280914175,151.842992182604,0,14.3333333333333,9041.82946370859,5429.10105312722,100,16.6666666666667,0.376569754038928,0.727969210629503,0.855090085892237,0.830686242651485,0.860187340014202,0.899915092933204,0.536785360873274,0.552193816924575,0.850533392084887,0.664142401801734,-0.363210087383768,1.43595343509995,0.746388729607602,-0.335036564097924,0.291056466608329,-0.138586483928256,-0.39829763893278,0.245007877483276,-0.437980081696707,-1.62132774739815,0.309819427025986,-0.162015153419062,0.207477310436029,0.205875684089935,0.0505728866269213,-0.652481363515801,-0.736238101008665,-0.211627965910494,-0.369334668395986,-0.131499373975159,0.0896297255463094,8.96297255463094,c(946376.346106114, 678834.659012045)
"44","090091414003",0,13.5481567200639,62.8073016494466,0,14.8333333333333,6735.13921443815,10021.828652565,100,50,0.456058636677529,0.792734202710771,0.94804172983443,0.819851520221489,0.882838552429992,0.909317403890194,0.591917797062252,0.646440321142087,0.948789554847924,0.576132646466014,-0.363210087383768,-0.0517463416709214,-0.555709301873913,-0.335036564097924,0.547153636948062,-0.540657301620027,-0.116281978235149,0.245007877483276,0.718428935086695,-1.22517885472861,0.59543369565415,0.546671985055184,0.154751327928569,0.35930564250722,0.113842187970948,-0.427227380025224,-0.237935701790197,0.525908309315975,-0.377276035469915,-0.569352483089828,0.000134856928110706,0.0134856928110706,c(946722.931888191, 677150.72665916)
"45","090091414004",0,14.0191209458288,115.183543297744,0,13.1666666666667,9307.83640644245,9588.12485498735,100,57.1428571428571,0.333926084169808,0.791301335280925,0.955361426108423,0.998519472020729,0.911219622065123,0.848974519160903,0.506547833482928,0.563638833161447,0.95832173701686,0.341668339723448,-0.363210087383768,0.0352516672160302,0.210264441220163,-0.335036564097924,-0.306503597517712,-0.0922197777740518,-0.142913486499628,0.245007877483276,0.966230867254567,-1.83385108446433,0.589114735829324,0.60247922403358,1.02421922266023,0.551547287414528,-0.292212469800938,-0.776022494044373,-0.675725734027231,0.597459344222686,-0.398432407493382,0.049874302968832,0.126701549523357,12.6701549523357,c(945267.897075218, 677910.010403889)
"46","090091415001",0,5.00718272573284,22.784644964945,0,9.5,4981.46525651864,3730.17184466577,100,0,0.444211384795101,0.527147593999567,0.823975257880929,0.626325513215085,0.959736808984461,0.993134719700198,0.610977289762737,0.437227838332035,0.824796317873231,0.810736522646346,-0.363210087383768,-1.6294622079984,-1.14101865558912,-0.335036564097924,-2.18454951334241,-0.846333853748546,-0.502620099350727,0.245007877483276,-1.01618459008841,-1.28422202603269,-0.575805928822311,-0.399242570732574,-0.787021654820756,0.880182675000616,0.677859165934023,-0.349356221940032,-1.34408900685179,-0.404817128966561,-0.356107069704613,0.0331335776315952,0.123279833465068,12.3279833465068,c(951502.200036142, 681655.278336417)
"47","090091415002",0,14.7374432589079,117.965716556395,0,13.8333333333333,5306.79680438736,7194.17272954802,100,60,0.302208488727442,0.516460077387318,0.957266195433025,0.965724574719797,0.941531391839102,0.933350425909795,0.489988483461862,0.477377716083437,0.958163735134269,0.748363596788912,-0.363210087383768,0.167942448294883,0.250952195778327,-0.335036564097924,0.0349592962685973,-0.789626490671134,-0.289913711467666,0.245007877483276,1.06535164012172,-1.99192212403046,-0.622937984931086,0.6170016731787,0.864626469583718,0.75686669772274,0.275563334965702,-0.84367884689398,-1.13180760100061,0.596273341058224,-0.361735153748471,-0.489724008473337,0.0164104976069671,1.64104976069671,c(948556.169900674, 682412.43218527)
"48","090091415003",0,15.952695206542,108.666061256905,0,13.6666666666667,4731.95428887289,3929.61088622279,100,20,0.416457324954585,0.531706267401468,0.883009909537549,0.441334102478364,0.965215243762598,0.963067937023338,0.573624694149632,0.433906073429254,0.883836430183375,0.599367201175409,-0.363210087383768,0.39242765111135,0.114949849006913,-0.335036564097924,-0.0504064271779788,-0.88982520626808,-0.49037357876882,0.245007877483276,-0.322339180018367,-1.42253998582705,-0.555702133117914,0.0508527323625753,-1.68726196550294,0.917291329706244,0.475536104898331,-0.501967307848232,-1.36165192268021,0.0383532869918821,-0.375179516430148,-0.566933736589829,0.000629235969236631,0.0629235969236631,c(950714.376916076, 681786.324754512)
"49","090091415004",0,20.2582487016186,119.907204162079,0,12.6666666666667,4928.22948518029,8687.88662267771,100,40,0.367357272000317,0.527763071994125,0.95911924693924,0.671797261674931,0.96548880516521,0.933035834917188,0.537157350271876,0.41878163005545,0.960011155318751,0.461207926135967,-0.363210087383768,1.18776317923881,0.279345384783416,-0.335036564097924,-0.562600767857444,-0.855613188119181,-0.198192462744844,0.245007877483276,0.371506230051675,-1.6672400113172,-0.573091664655459,0.631129812431423,-0.565738402816086,0.919144321672273,0.273446413668114,-0.650961530552785,-1.44161824591504,0.610140556745519,-0.387646015326444,-0.196722121869621,0.0762985395110309,7.62985395110309,c(949698.067166163, 682055.309041094)
"50","090091415005",0,7.02025709283445,78.5601320650994,0,11.6666666666667,4862.84248451843,5070.63954558381,100,25,0.492408657676868,0.601845724443112,0.916065114475061,0.799040194234944,0.944516377034849,0.956262465747429,0.6239389016983,0.510282172896988,0.916853932805375,0.574089947213244,-0.363210087383768,-1.25760071173563,-0.325332816313385,-0.335036564097924,-1.07479510853691,-0.867010559236019,-0.420308907116179,0.245007877483276,-0.148877827500856,-1.04402118727374,-0.246386419780248,0.302874080294982,0.0534753038298106,0.777085754700921,0.429741255641248,-0.296399107711724,-0.957834360175342,0.286191236453018,-0.37746035395286,-0.486183957343475,0.0171340654067009,1.71340654067009,c(950273.462077491, 680469.351651392)
"51","090091415006",0,10.6389651943265,52.8748517502982,0,12.8333333333333,4435.93792503363,5715.97017568366,100,33.3333333333333,0.570895071750049,0.670242345682629,0.9288341785745,0.861304648310029,0.918992484692522,0.846866186161331,0.676470597402856,0.587520132753276,0.929544111103899,0.407737172997791,-0.363210087383768,-0.589141448058987,-0.700965921820646,-0.335036564097924,-0.477235044410867,-0.941422745858253,-0.380682489028961,0.245007877483276,0.140224426694994,-0.652868299063496,0.0552433700829165,0.400228695166062,0.356478406826764,0.604197448819304,-0.306399700631066,-0.0817709407936914,-0.549459948554709,0.381447010452914,-0.392470831357006,-0.569555386973258,9.33844433625233e-05,0.00933844433625233,c(950104.232028662, 679123.660863327)
"52","090091415007",0,13.2592363138721,94.5086786421675,0,12.6666666666667,5320.10824632943,6475.53925728754,100,50,0.430559559414018,0.630991742363375,0.942192436957711,0.942297400977121,0.884689905788634,0.852215790991567,0.576972454374738,0.520156534480682,0.943113123319364,0.360349090805314,-0.363210087383768,-0.105116637524428,-0.0920940894765547,-0.335036564097924,-0.562600767857443,-0.787306221468106,-0.334041278167634,0.245007877483276,0.718428935086695,-1.35225865364793,-0.117852186636615,0.502075478150181,0.750620710697283,0.371845945587606,-0.270401554896055,-0.488289401000591,-0.905626396508601,0.483299540070133,-0.396746790927447,-0.568745379256089,0.000258945753123079,0.0258945753123079,c(948356.247092653, 680114.470319788)
"53","090091416001",0,20.7047624409684,136.835490276257,0,13.1666666666667,5225.79294739903,2947.56148218514,100,16.6666666666667,0.746369263843449,0.745153402546977,0.867393697076446,0.792975804357295,0.868714115842618,0.963450373424854,0.797898814537942,0.698933073932513,0.868373384375994,0.760952060533667,-0.363210087383768,1.27024461655181,0.526912263791535,-0.335036564097924,-0.306503597517711,-0.803745979417308,-0.550676156163417,0.245007877483276,-0.437980081696707,0.221642759368798,0.385601886789381,-0.0682092707769009,0.0239636189044914,0.26363254216767,0.478109566257261,0.414346980135492,0.0396052518422351,-0.077716350654518,-0.360599261356626,-0.155345898661802,0.0847556215388103,8.47556215388103,c(951288.324657945, 677069.413916498)
"54","090091416002",0,11.2099131908517,84.3202679023956,0,16.1666666666667,7421.36211253694,10197.5116860318,100,77.7777777777778,0.596369560871957,0.835536097076382,0.968129974318081,0.965469102238302,0.76437010273824,0.962438233738419,0.690072320365848,0.742494852089568,0.969156065700362,0.451863422311835,-0.363210087383768,-0.483674119208264,-0.241093996016748,-0.335036564097924,1.23007942452068,-0.421044275187604,-0.105494191308146,0.245007877483276,1.68210311573953,-0.525911040111342,0.784190481724533,0.69982990562885,0.863383240910578,-0.443150710658908,0.471298754413633,-0.0261985320351304,0.269926140135191,0.678784629040497,-0.388489196115983,0.00872806150735234,0.118291474552841,11.8291474552841,c(948335.88018006, 676081.708773094)
"55","090091416003",0,19.7112105444851,166.838263701766,0,16.3333333333333,5867.14642120426,4859.59824961687,100,71.4285714285714,0.588943828123971,0.776935644554223,0.947909014775444,1,0.930445017691413,0.885738996945976,0.685108081353468,0.686714791327636,0.948917456257194,0.425733160044351,-0.363210087383768,1.08671255192524,0.96568633273407,-0.335036564097924,1.31544514796726,-0.691953979722557,-0.433267862165873,0.245007877483276,1.46183473159031,-0.56291867825804,0.525761894758998,0.545660131456947,1.03142404888824,0.681772177691988,-0.0448197985332105,-0.0464808683480939,-0.0249955478042795,0.52686837051048,-0.390847002970605,-0.568908256777686,0.000225654445849575,0.0225654445849575,c(948722.122998202, 677221.198834978)
"56","090091416004",0,19.5346422625743,113.25161935738,0,13.3333333333333,5707.48171669532,3821.45537337073,100,42.8571428571429,0.701701485053981,0.782164732649018,0.950034771126499,0.729047747279871,0.82524961587717,0.977849338561222,0.764367936952604,0.722323899190964,0.951122717070563,0.46496308232886,-0.363210087383768,1.05409629761445,0.182011115563269,-0.335036564097924,-0.221137874071135,-0.719784555725872,-0.497014849724842,0.245007877483276,0.470627002918823,-0.000968133099112463,0.548822226024277,0.561867442286862,-0.287135224741792,-0.0307780306490971,0.575001965202833,0.277350245216271,0.163277789542791,0.54342163089087,-0.387307177050687,-0.56975898492758,5.17700941807519e-05,0.00517700941807519,c(950221.716339698, 676773.662520588)
"57","090091418001",0,19.9064103878747,91.8051315513743,0,15,6229.45877974669,6344.9408953205,100,25,0.611660742812898,0.512016686609448,0.928215413153669,0.736480507098614,0.805125337981792,0.916332930744335,0.731025470089022,0.445481148144361,0.929337035450836,0.463632684866835,-0.363210087383768,1.12277048749848,-0.131631979550293,-0.335036564097924,0.63251936039464,-0.628800625558485,-0.342060648474001,0.245007877483276,-0.148877827500856,-0.449704348150991,-0.642533383100176,0.395511069130872,-0.250964518319246,-0.167091578197373,0.161050526926356,0.141123297894729,-1.30045190736337,0.379892646822628,-0.387427222545188,-0.569951714011354,1.2377284875104e-05,0.0012377284875104,c(953889.564998082, 680890.851102323)
"58","090091418002",0,13.1556407023477,63.1342170330047,0,12.8333333333333,5100.4664095679,5868.17281187264,100,40,0.708862296710777,0.640365628738029,0.94247898181432,0.793946366215228,0.83045419466083,0.916023481642497,0.792110147332203,0.594019515235154,0.943447617990381,0.362426028631149,-0.363210087383768,-0.124253148195509,-0.550928344093465,-0.335036564097924,-0.477235044410867,-0.825591194031703,-0.371336511921585,0.245007877483276,0.371506230051675,0.0347192173112903,-0.0765132531315983,0.50426016952154,0.0286867512112376,0.00447563664686942,0.158968206041162,0.390696286690268,-0.515096256118078,0.485810343940418,-0.396559383002021,-0.566107930370738,0.000798026409553674,0.0798026409553674,c(953191.36603527, 678377.987289851)
"59","090091418003",0,12.0631119846718,55.6180046179172,0,14.8333333333333,5171.22707664849,3860.35938460799,100,0,0.651627980407085,0.656136746855305,0.829264518222116,0.886888569893547,0.906000205860844,0.926663207191609,0.737072836333143,0.595846269400032,0.83020970883154,0.258024863789842,-0.363210087383768,-0.326068525860836,-0.66084881903197,-0.335036564097924,0.547153636948062,-0.813257158596079,-0.494625955501242,0.245007877483276,-1.01618459008841,-0.250519551605507,-0.00696246308653861,-0.358915895303659,0.480979741364906,0.516193117558844,0.230564221644546,0.165830955133846,-0.505437797263833,-0.364182810553733,-0.405979792930306,-0.328783847677079,0.0493058185399989,4.93058185399989,c(951741.731443779, 678810.47250258)
"60","090091418004",0,27.5392942014879,271.966867871917,0,15,5840.04515183853,4003.90997872634,100,0,0.5086571563225,0.533595574395503,0.809894869841798,0.858365723749496,0.918097823058579,0.948461268981525,0.659346872027827,0.454473434375539,0.810970011407336,0.220895264838132,-0.363210087383768,2.53274104900175,2.50313437994582,-0.335036564097924,0.63251936039464,-0.696677903768194,-0.485811255572429,0.245007877483276,-1.01618459008841,-0.963043514266625,-0.547370270209042,-0.506595055151942,0.342176454379844,0.598137380387922,0.377246047677603,-0.151733155771866,-1.25290767385934,-0.508600976047879,-0.409330100784913,-0.515009875499049,0.0112421996087206,1.12421996087206,c(952324.817462382, 681205.465013203)
"61","090091419001",0,16.3097060902047,110.640773195469,0,14.3333333333333,6521.93563545483,5524.25102443115,100,33.3333333333333,0.754245533831719,0.609643584106242,0.972068060030059,0.9241527326305,0.833897869434183,0.996874113824595,0.83091748669905,0.594440094612827,0.973198471147047,0.52273724757359,-0.363210087383768,0.458375836409665,0.143828925617094,-0.335036564097924,0.29105646660833,-0.577820044803144,-0.392454971053692,0.245007877483276,0.140224426694994,0.260895740800244,-0.211997779976892,0.729854879646771,0.662321682085437,0.0278016673943357,0.703022006727397,0.549251003029838,-0.51287255864838,0.709127974152534,-0.382094052075529,-0.181312357590406,0.0794482141413978,7.94482141413978,c(954417.59877477, 678343.957304355)
"62","090091419002",5.87695534800122,13.9929895328083,109.016793200493,14.2171091810763,14.3333333333333,21035.7072379257,22160.9747836949,100,50,0.951555129723992,0.605314908841973,0.934995463520835,0.866018616495329,0.897312040145501,0.99885626746557,0.968004584737833,0.693162950059605,0.814701954412758,17.4966133596624,1.37509281819968,0.0304245895362016,0.120079110885936,1.25844205446016,0.291056466608329,1.95202288397446,0.629120234797211,0.245007877483276,0.718428935086695,1.24422794187262,-0.231087281573395,0.447203909511471,0.379418413429126,0.457343071037786,0.716360161208218,1.10934624011592,0.00909731318148675,-0.480588042648326,1.14950639788928,-0.567438375196796,0.000526090496725238,0.0526090496725238,c(956696.447116578, 676676.523269639)
"63","090091419003",0,12.2207930999192,99.7994757667247,0,15.5,18760.9680582522,6777.21618034575,100,0,0.876005465885974,0.623431242801261,0.863591650308381,0.863780462535301,0.885260064154489,0.939888333368815,0.914966053698119,0.669636504974677,0.856720237996287,0.612849885519679,-0.363210087383768,-0.296941169014745,-0.0147190898600989,-0.335036564097924,0.888616530734372,1.5555213414305,-0.315516857780955,0.245007877483276,-1.01618459008841,0.867710941287015,-0.151194065999266,-0.0971970490466534,0.368526683870949,0.375707962894168,0.319557714547093,0.89264730168641,-0.115292276949573,-0.165187893750348,-0.373962936005497,-0.380953210579082,0.0386426756237586,3.86426756237586,c(955631.512812279, 677137.687758135)
"64","090091419004",0,14.4886356612894,71.9388867826407,0,13.8333333333333,12236.686233865,4054.26255423135,100,16.6666666666667,0.810605163672507,0.601125143848754,0.915632853653788,0.932244754427199,0.829278770522986,0.98332695678259,0.870315931748217,0.615173369048649,0.91671791093174,0.427132558904293,-0.363210087383768,0.121981917951844,-0.422164888897075,-0.335036564097924,0.0349592962685973,0.418297421221626,-0.482719364198202,0.245007877483276,-0.437980081696707,0.541775333160391,-0.249564187472815,0.299578413090939,0.701700614260157,-0.00348620103676666,0.611861528716588,0.710220793304289,-0.403251088008143,0.285170220944073,-0.390720731286434,-0.265480446201164,0.0622447002796475,6.22447002796475,c(955116.645953597, 678061.827689705)
"65","090091419005",0.386160667880691,14.9639153333477,97.2385772922381,0,14.5,20396.7952553282,5982.41897064779,100,0,0.802698214918561,0.514984745709278,0.878723344605174,0.639542422564074,0.948556579901423,0.898754118594179,0.864423777974248,0.538176378650864,0.879429011615996,1.26993157696656,-0.248990364542527,0.209777089796066,-0.0521708223337322,-0.335036564097924,0.376422190054907,1.84065645176394,-0.364321245883799,0.245007877483276,-1.01618459008841,0.502369457907221,-0.629444212518957,0.0181708635222742,-0.72270302223556,0.804452420397975,0.0427605481875239,0.686147285934214,-0.810351440072856,0.00527005860052184,-0.31467261200184,-0.297712064392941,0.0556567273376315,5.56567273376315,c(956128.008463239, 679426.332833288)
"66","090091420001",0,19.9414675788517,86.2880895131096,0,12.8333333333333,17947.3555927542,31351.0089074722,100,14.2857142857143,0.933086368321332,0.684523789260608,0.856135954417041,0.816756742026104,0.946264830720656,0.989809506305043,0.956275326010094,0.736800523534985,0.880902453293871,2.33525154428731,-0.363210087383768,1.12924636325574,-0.212315686663791,-0.335036564097924,-0.477235044410867,1.41370350117628,1.19343272430086,0.245007877483276,-0.520580725752664,1.15218514122204,0.118224680377226,-0.154041183937413,0.139690930945754,0.788929057892982,0.655483397966588,1.06142413773033,0.239818948316827,0.0163300944934759,-0.218545803338326,0.244484485622888,0.166478845529327,16.6478845529327,c(955195.834378615, 675940.791282341)
"67","090091420002",3.82802577847155,8.39223692666298,39.3577499744519,35.414891998607,14.1666666666667,12250.6532929858,16087.8268944743,100,50,0.964935646902061,0.76331694633043,0.950034049163276,0.884577079825497,0.849450069537231,0.930454530575554,0.97689340672359,0.793568628872909,0.965606137262572,13.1995819085128,0.769054484888091,-1.00416423557385,-0.898646104995169,3.6343268598982,0.205690743161753,0.420731968679053,0.256199616839669,0.245007877483276,0.718428935086695,1.31091245029045,0.465703298164479,0.56186193785435,0.469731129720113,0.133145848151946,0.256076500781955,1.14566320158606,0.539964649463352,0.652137944255519,0.761773197727267,-0.0873918935543522,0.0986450621584474,9.86450621584474,c(954202.719604252, 674745.810144955)
"68","090091420003",0,16.5929297732628,126.932874121698,0,17.6666666666667,5169.03618587488,7010.06931845039,100,60,0.924391322007552,0.754161714752732,0.965305916553256,0.872991344483108,0.936178738383382,0.884230932284802,0.932296791107763,0.740898287909622,0.966240584114743,0.405386101605221,-0.363210087383768,0.510693815457155,0.382091945959937,-0.335036564097924,1.99837093553988,-0.813639044826836,-0.301218550257527,0.245007877483276,1.06535164012172,1.10885162268996,0.425328634520506,0.678298565984285,0.413350425650786,0.720610033750053,-0.0549677502368454,0.963455303440045,0.261484747343181,0.656900267096359,-0.392682975123049,-0.331673113912668,0.0487152677439115,4.87152677439115,c(953493.613174126, 675508.253828173)
"69","090091421001",14.1030920987485,12.3232215440569,66.5246071429351,25.4720895250549,16,11033.7540956751,43149.3959078741,100,66.6666666666667,1,0.724692776103769,0.87419162589625,0.870889764899016,0.91189461712921,0.900187376733971,1,0.828954190216843,0.999527744044449,41.6004889357784,3.80824341554326,-0.27802026121354,-0.501345752419728,2.51992005972814,1.1447137010741,0.208618679750943,1.91791068060116,0.245007877483276,1.2966334434784,1.48566273222707,0.29537031770468,-0.0163801204946931,0.403123320239938,0.556119425219504,0.0524051176518906,1.24006955363927,0.727056046240045,0.906762334340232,3.32446669773395,0.529260482114522,0.224685558833631,22.4685558833631,c(955670.796715901, 674360.625962013)
"70","090091422001",8.41098033304725,11.7058741663686,106.206875248424,16.5476376346237,17.3333333333333,8112.39415977646,13554.2616582368,100,33.3333333333333,0.980914567156883,0.792889795186311,0.885165414936818,0.947461329733243,0.982966638591201,0.923396575487783,0.972448157086775,0.966942549772238,0.885478164195639,18.7535059360712,2.12461408108024,-0.39205863124732,0.0789856054376718,1.51965178517054,1.82763948864672,-0.300592983397262,0.100626472439481,0.245007877483276,0.140224426694994,1.39054662496847,0.596119860041377,0.0672868575548458,0.775750400823102,1.03753194731234,0.208582657048912,1.12750129441275,1.4566314421824,0.0506765688529761,1.26291934039414,0.0451523006658399,0.125736397131096,12.5736397131096,c(955491.903697523, 671938.682496621)
"71","090091422002",25.846307559295,11.4471436911733,72.5948066724122,56.7886362496053,13.1666666666667,14268.4743321595,13558.2870303679,100,50,0.963049747398788,0.866553408226196,0.973477825249435,0.82221380836727,0.84839869916148,0.957552732704853,0.97658130494786,1,0.974777098899936,87.4101571079985,7.28168575893338,-0.439852147079252,-0.412572421065729,6.02993373248438,-0.306503597517711,0.772451041247578,0.100873649733697,0.245007877483276,0.718428935086695,1.30151368941839,0.920977136893884,0.740603290722341,0.166247142819698,0.126024299421062,0.438423619936248,1.14438805082006,1.63141359349192,0.720977564041802,7.45800154398755,-0.215056713861949,0.0725510455059308,7.25510455059308,c(954217.094045466, 670750.105715414)
"72","090091423001",0,9.98186613704518,66.8341679416167,0,13.6666666666667,14468.1916032305,6293.7327672183,100,0,0.851771019732834,0.681105256287357,0.822108768280383,0.917991407396854,0.883662660115111,0.897999619116586,0.898796982882026,0.915036210001373,0.822126049000937,0.450406322598233,-0.363210087383768,-0.71052287471006,-0.496818595903352,-0.335036564097924,-0.0504064271779788,0.807263034974125,-0.345205074910613,0.245007877483276,-1.01618459008841,0.746933686791254,0.103148915468441,-0.413473165458001,0.632338271934326,0.364887807626603,0.0376834288463177,0.826585508258999,1.18219098566661,-0.424860860601743,-0.388620674310018,2.20195562849212,0.566575633945915,56.6575633945915,c(957666.260520047, 672345.064931187)
"73","090091423002",0,18.2684178252033,125.336695080741,0,15.6666666666667,5781.72978109505,2846.1211357675,100,0,0.785809547108448,0.581268986778495,0.75901726464223,0.992668119471241,0.963025366995229,0.994636136524227,0.852453798403149,0.85439786785707,0.761093361006098,0.381858658896512,-0.363210087383768,0.820195294462141,0.358748704899227,-0.335036564097924,0.97398225418095,-0.706842644702199,-0.556905083461406,0.245007877483276,-1.01618459008841,0.418201372641028,-0.33713004052305,-0.894498947026391,0.995744260411529,0.902458008858384,0.687962383527765,0.637241673066885,0.861582474762052,-0.882988067129563,-0.394805922268487,-0.155291501555878,0.0847667400206632,8.47667400206632,c(959800.300761215, 671558.372681805)
"74","090091423003",0,16.6046907281652,124.676431696916,0,13.5,11682.0411038239,4096.39901893589,100,0,0.784567993801843,0.596390697984478,0.756447343468175,0.902343967493857,0.90236368709386,0.996042794247658,0.850775801568483,0.861203159692079,0.757377502221869,0.494128721202438,-0.363210087383768,0.512866336432504,0.349092715854952,-0.335036564097924,-0.135772150624557,0.321619238689359,-0.480131981716697,0.245007877483276,-1.01618459008841,0.41201384111114,-0.270443141510019,-0.914092684218147,0.556191730300012,0.491560841239144,0.697427955534343,0.630385899997154,0.897563578537959,-0.910880268187704,-0.384675479651266,0.13863179907065,0.144843114096403,14.4843114096403,c(959449.63292809, 671955.492409075)
"75","090091423004",0,6.9222133317017,71.3650815382729,0,13.8333333333333,5382.53014570225,8543.26963947575,100,0,0.746306593435927,0.593207075411758,0.727575816634045,0.880683160287549,0.796468503079694,0.940088474767247,0.823942395917264,0.83449086154692,0.715876863313167,0.503353586039835,-0.363210087383768,-1.27571166695411,-0.430556475177487,-0.335036564097924,0.0349592962685973,-0.776425686411161,-0.207072644114798,0.245007877483276,-1.01618459008841,0.221330428741934,-0.284482949181956,-1.13421659884398,0.450781799474706,-0.225729402728488,0.320904490515973,0.52075295192939,0.756329668963429,-1.22239484172199,-0.383843094223063,-0.219563266123814,0.0716299299669498,7.16299299669499,c(959335.951631498, 672810.003010198)
"76","090091424001",8.16502318160256,10.5325499195923,46.3570633732865,31.3920328541168,14.8333333333333,30298.8986880971,7495.11586107781,100,33.3333333333333,0.976907195046027,0.529541008258006,0.959344119829832,0.818649146343872,0.871021178499473,0.952126043993437,0.98604801449241,0.63805560871172,0.922247992773017,23.3653178808562,2.05186416114921,-0.608798815881354,-0.796284994032026,3.18343772691268,0.547153636948063,3.56665621499228,-0.271434349425559,0.245007877483276,0.140224426694994,1.370575077105,-0.56525094779042,0.632844300939593,0.148900107978241,0.279259631835533,0.401906767329118,1.1830660810843,-0.282267556382557,0.326680451429562,1.67905606739401,-0.434221181318438,0.0277549830537186,2.77549830537186,c(958131.634744873, 677365.065533871)
"77","090091424002",0,14.877454224809,149.007824280332,0,13.3333333333333,20326.9717064167,4015.42812740583,100,0,0.880323493685775,0.55849498417548,0.88089879216884,0.871955380063437,0.92648918208917,0.957877343378127,0.917731797814678,0.741088755002927,0.852280629683301,0.624921207149466,-0.363210087383768,0.19380571898375,0.704925957517418,-0.335036564097924,-0.221137874071134,1.82848576200017,-0.48510398560278,0.245007877483276,-1.01618459008841,0.889230704486916,-0.437563621817001,0.0347570328831301,0.408309018985976,0.654976981001558,0.440607964891528,0.903947271769992,0.262491789570947,-0.198512746732055,-0.372873706797167,-0.525130109340193,0.00917367713133093,0.917367713133093,c(959219.866575794, 674948.873686294)
"78","090091424003",0,15.5204239783246,143.542642820288,0,15.3333333333333,6658.76155459119,9148.54764976256,100,0,0.81751611014386,0.602841224740029,0.808384541679224,0.870668372854165,0.867309717655843,0.970431637669585,0.86788650830068,0.811102298150828,0.761186267371487,0.613749121531851,-0.363210087383768,0.312577135728906,0.625000682852843,-0.335036564097924,0.803250807287795,-0.553970414708256,-0.169905650366316,0.245007877483276,-1.01618459008841,0.576217429980045,-0.241996253425153,-0.518110183860776,0.402045940255399,0.254119728838168,0.525087347919945,0.700294924850601,0.632669090236303,-0.882290687822789,-0.373881795417939,0.392286869839515,0.196688874147531,19.6688874147531,c(958818.869972027, 673756.51103585)
"79","090091424004",0,14.5240347183562,96.271509921454,0,16.1666666666667,20018.6211808648,6804.11332966131,100,16.6666666666667,0.889027346991732,0.644694735296162,0.877436160529384,0.685470202817491,0.977266632375244,0.886194192305909,0.92436807070876,0.811263305342906,0.85773507181512,0.30248877735976,-0.363210087383768,0.128520944299941,-0.0663136510383514,-0.335036564097924,1.23007942452068,1.774738299382,-0.313865242880903,0.245007877483276,-0.437980081696707,0.932608114442339,-0.0574218495248,0.00835704247863169,-0.499200541771092,0.998922459191387,-0.0417567332368447,0.931061018381852,0.633520371360947,-0.157570287549702,-0.401967689296394,0.154971370466776,0.148182836402659,14.8182836402659,c(957595.517717097, 674369.245682012)
"80","090091425001",2.08639328188714,11.4827187361417,57.675707906008,6.91914758739648,13,16912.1964438894,14077.6084627896,100,0,0.875357378944067,0.430356943634084,0.98192970132818,0.442172170538923,0.649205371062288,0.807962147033463,0.915321454229383,0.538739446413403,0.881906559309669,6.47889671225644,0.25390937147475,-0.433280611686534,-0.630756039554977,0.440473674920252,-0.391869320964289,1.23326866145005,0.132762494370766,0.245007877483276,-1.01618459008841,0.864481069185812,-1.00265367365786,0.805042558485151,-1.6831835996577,-1.22322904235395,-0.568189742073059,0.894099357698001,-0.807374374564428,0.0238671750184969,0.155346922274069,0.204479793709378,0.158302097272017,15.8302097272017,c(959553.227810016, 678708.479157079)
"81","090091425002",3.93903533128152,14.0081411256949,111.140186192053,0,12.1666666666667,13989.6612490296,94956.5585288139,100,0,0.945895682687017,0.416766608773198,0.930651745591657,0.487092148245046,0.702367830232107,0.914361042380464,0.963992081311731,0.586857781361222,0.931469595045115,11.7733857006484,0.801889212526906,0.0332234399381695,0.151132566166786,-0.335036564097924,-0.818697938197176,0.723852143171568,5.09912073042048,0.245007877483276,-1.01618459008841,1.21602294511838,-1.06258718753575,0.414086291586573,-1.46458547921011,-0.863128498945505,0.147781448751721,1.09295239933948,-0.552961948873197,0.395900192971729,0.6330835136929,-0.477844752464284,0.0188385549478451,1.88385549478451,c(961452.540544904, 676675.413508277)
"82","090091425003",0.956628185829311,24.1276234809587,158.145232262717,0,14.1666666666667,5749.20626118056,9771.90159897819,100,0,0.830832750761433,0.420411269322218,0.815664271316245,0.539348615578656,0.653365050693126,0.937747692870866,0.883556172406854,0.623195742762106,0.816314213646643,1.70594484364088,-0.0802558267978555,1.90252638846813,0.838555526462877,-0.335036564097924,0.205690743161752,-0.712511701590253,-0.131628706648155,0.245007877483276,-1.01618459008841,0.642583596664188,-1.04651419773595,-0.462607660758169,-1.21028514061485,-1.19505309039724,0.3051530826057,0.764316297818347,-0.360834999453636,-0.46848600612847,-0.275329912018693,-0.568503690415246,0.00030834567882305,0.030834567882305,c(962084.008951562, 675271.180867925)
"83","090091425004",0,14.1577290510685,110.368249356492,0,12.6666666666667,12079.9772816116,4313.155303098,100,0,0.809361268877323,0.511260223665037,0.807091228916028,0.825188706578236,0.767947405958086,0.875292166116731,0.868637994749489,0.727015511496334,0.782690890349026,0.362755295586202,-0.363210087383768,0.0608557970241027,0.139843414277326,-0.335036564097924,-0.562600767857443,0.390982051682057,-0.466822098784423,0.245007877483276,-1.01618459008841,0.535576132349503,-0.645869392318572,-0.527970731586768,0.180724157071455,-0.418919536000706,-0.115117801954825,0.703365264705587,0.188083395728176,-0.720871402914887,-0.396529672321138,0.301297389586169,0.178091103773405,17.8091103773405,c(960580.087483298, 674212.347957469)
"84","090091425005",0,22.6473848146591,154.620157112578,0,12.6666666666667,13289.4607229187,8468.88221192588,100,0,0.893535438854734,0.497382447857565,0.888510933945594,0.824099497971438,0.893284252812301,0.995029278557958,0.927411513790206,0.684791033699626,0.867601296559651,0.387073473734661,-0.363210087383768,1.62909199663854,0.787003240111928,-0.335036564097924,-0.562600767857444,0.60180272705657,-0.211640391509754,0.245007877483276,-1.01618459008841,0.955075100268522,-0.707070523671495,0.0927939512703189,0.175423643438544,0.430060503036452,0.69060788439632,0.943495580048468,-0.0351668857176713,-0.0835118423183537,-0.394335374899115,-0.443180331077499,0.0259237800453875,2.59237800453875,c(960368.022018651, 675355.219885353)
"85","090091426011",0,7.53461106556383,24.7212442825143,0,12.5,5652.67191431051,6869.96729766013,100,0,0.763796267356389,0.0431582981447004,0.832289872031239,0.838661657608611,0.83805451131338,0.951096320523495,0.834183160193792,0.18403834437048,0.838908773944997,2.62553868905754,-0.363210087383768,-1.16258761086185,-1.11269695511064,-0.335036564097924,-0.647966491304021,-0.72933825374378,-0.30982149112497,0.245007877483276,-1.01618459008841,0.308493749281278,-2.71020360752487,-0.335849823065144,0.246288788278319,0.0559570428759684,0.39497763205389,0.562593529033018,-2.68275863014918,-0.298885368629359,-0.192352380067583,-0.56966661004729,7.06510330232156e-05,0.00706510330232156,c(967872.990230894, 680288.470688763)
"86","090091426012",0,18.2498093407985,115.896648893524,0,12.3333333333333,7371.08375557791,8265.6078360347,100,0,0.876763124435856,0.0546186261989007,0.95984812753144,0.766974708344527,0.869706163317418,0.979872919255709,0.915756507208675,0.17493583682701,0.967101687543409,3.63140436835572,-0.363210087383768,0.816757876070145,0.220693218567129,-0.335036564097924,-0.733332214750598,-0.429808113375722,-0.22412242014713,0.245007877483276,-1.01618459008841,0.871486885615254,-2.65966344515857,0.636686984733794,-0.102567849012821,0.270352262066655,0.58861888739772,0.895876848833691,-2.73088562844449,0.663363933064,-0.101590298569885,0.502480649499578,0.219211902140093,21.9211902140093,c(966763.462823127, 681596.589188419)
"87","090091426013",0,9.11752901369736,49.0149539747929,0,8.66666666666667,10021.1964012143,11988.9421429537,100,33.3333333333333,0.899029435504968,0.131776746394955,0.915668452492584,0.772929070673225,0.685238118218955,0.98216045922848,0.926549899847069,0.272937894826931,0.917039860520766,0.146653571672677,-0.363210087383768,-0.870185975694425,-0.757414805016915,-0.335036564097924,-2.6113781305753,0.0321234176321038,0.00450829261111299,0.245007877483276,0.140224426694994,0.982455541621762,-2.31939535648395,0.299849827754833,-0.0735916010272844,-0.979158093902023,0.604012023886803,0.939975293510479,-2.2127267743293,0.287586858170925,-0.416029136992522,-0.423345971338157,0.02997781867626,2.997781867626,c(966040.455620115, 679942.140091846)
"88","090091426014",3.92624098386865,2.32427356498644,15.6083643692935,2.22897027765704,14,10121.9955583856,43521.2447308334,100,100,0.988503286512962,0.264241330145112,1,0.352517863422894,0.553921628614384,0.593167131184422,0.993706876025063,0.41246639425763,0.998973235558299,10.3149573126402,0.798104863324663,-2.12505771661773,-1.24596781452755,-0.0852096524796605,0.120325019715175,0.0496933534131763,1.94074399462121,0.245007877483276,2.4530424602618,1.42836653977792,-1.73522520543288,0.942815143390388,-2.11947640358143,-1.86864176345999,-2.01357169626644,1.21435780676316,-1.47500831354473,0.902600049635071,0.501485429639252,-0.568757055769884,0.000256559135222542,0.0256559135222542,c(963675.98961331, 678790.248298174)
"89","090091426031",0,2.01705070147858,11.4919004188044,0,9.5,9717.0678649281,16440.9500752473,100,0,0.732140778434829,0.179503365398795,0.910000958664115,0.624457848440084,0.934102744883181,0.718990745710483,0.796610275666502,0.374004374178012,0.917874754954208,0.131735486973902,-0.363210087383768,-2.18180890056661,-1.30616883699955,-0.335036564097924,-2.18454951334241,-0.0208881253380298,0.277883085971506,0.245007877483276,-1.01618459008841,0.15073223009873,-2.10892048506311,0.256639403352702,-0.796110439595147,0.706548111122536,-1.16688919235226,0.409082411149652,-1.67836563744323,0.293853792613838,-0.417375237617175,-0.18429630182556,0.0788383116610225,7.88383116610225,c(966830.126009443, 676165.862305191)
"90","090091426032",0,13.3883490983513,47.3172136185361,0,11.3333333333333,6109.4039644103,8989.95305330016,100,0,0.706842843397778,0.273192370725501,0.785447498619128,0.813108759834833,0.910398537333699,0.958012381181947,0.786582907123373,0.487261349104249,0.791319673701278,0.312063905020207,-0.363210087383768,-0.0812665135510007,-0.782243324486031,-0.335036564097924,-1.24552655543006,-0.64972694533003,-0.179644124712126,0.245007877483276,-1.01618459008841,0.024654864068587,-1.69575102614756,-0.692988074362947,0.121938427690852,0.545985598535062,0.44151665080309,0.36811370262885,-1.07955061716704,-0.656101514142579,-0.40110369867125,-0.132790628128766,0.0893658000004491,8.93658000004491,c(965326.111888493, 674815.756595295)
"91","090091426041",0,10.97240367653,45.988339044293,0,12.5,5365.30907762717,3064.50450473234,100,0,0.60734241272731,0.375590897162482,0.610366479075211,0.467997583751358,0.620576669724378,0.78184523319636,0.72737010666483,0.632838389997219,0.610734479145725,0.242668939950496,-0.363210087383768,-0.5275476316903,-0.801677384657255,-0.335036564097924,-0.647966491304021,-0.779427428376586,-0.543495289662285,0.245007877483276,-1.01618459008841,-0.471225617853133,-1.24417249124708,-2.02785060588414,-1.55750707272454,-1.41714804214907,-0.74393365219201,0.126188620065826,-0.309852161501528,-2.01162088318977,-0.407365401008665,-0.216636749933802,0.0722280944574651,7.22280944574651,c(963895.745926794, 670904.204528693)
"92","090091426042",0,14.7029952785432,67.7349727559151,0,11.8333333333333,6087.31310342494,3776.86918630273,100,0,0.651094851005679,0.465479894829004,0.649960305155447,0.963409653485189,0.770555152016254,0.920198135925281,0.757524452844898,0.729232083173941,0.650174451143431,0.308821422902084,-0.363210087383768,0.161579107858478,-0.483644820663072,-0.335036564097924,-0.989429385090331,-0.653577523249066,-0.49975265699334,0.245007877483276,-1.01618459008841,-0.253176509597693,-0.847761104459184,-1.72597713580867,0.85336116054505,-0.401255741148442,0.187059965719483,0.249389898045481,0.199802907174905,-1.71557421065304,-0.40139627692729,1.10899473790921,0.343180186314343,34.3180186314343,c(962091.532237113, 671565.662315717)
"93","090091427001",2.69293541447226,11.7680514766053,68.9881673572295,0,12.1666666666667,12379.2155998734,14177.9167088532,100,0,0.891017241105881,0.451609854066065,0.900305860736898,0.734230507877439,0.751333862937381,0.972712204338734,0.926114023206756,0.703978452204601,0.899910239141417,16.7231811123512,0.433314163411802,-0.380573040850837,-0.465317538494949,-0.335036564097924,-0.818697938197175,0.443141198470955,0.138921905238178,0.245007877483276,-1.01618459008841,0.942525153450593,-0.908928124187661,0.182721493826114,-0.261913891535212,-0.531452815369619,0.540433560195372,0.938194437152084,0.0662812980130702,0.159007471464844,1.07971743688965,-0.112623817883398,0.0934877897631954,9.34877897631954,c(961900.670367177, 667453.255864816)
"94","090091427002",1.88948002965758,18.5898150058011,79.6275493560333,0,13.5,15792.6287550587,11013.7885827802,0,0,0.887425302464417,0.415558351729383,0.895626888943497,0.804390088936168,0.568731846635947,0.916035118810807,0.923138655790942,0.611939529553597,0.895744401384125,21.4258509073243,0.195665798360835,0.879564803321275,-0.309722425188527,-0.335036564097924,-0.135772150624557,1.0381208750267,-0.0553708466584626,-4.04262997847406,-1.01618459008841,0.924624002143406,-1.06791561329161,0.147047814581351,0.0795099767303885,-1.76832346289893,0.159046513971198,0.926038011478042,-0.420349122491763,0.127737611373514,1.50405252255031,-0.498431867619069,0.0146306570760438,1.46306570760438,c(961319.424330353, 664456.315364901)
"95","090091427003",4.33806591619061,15.4738299358931,80.2633020849305,6.27907338726378,13.8333333333333,12369.5598915389,7794.98775832659,0,0,0.897557507166691,0.592719301779387,0.839178510777918,0.421198970503299,0.871965360704323,0.897714287297806,0.925781126980271,0.764314362099192,0.840174090486724,23.6977896041763,0.919915636770549,0.303970136097569,-0.300424890999159,0.368733032064409,0.0349592962685982,0.441458146944347,-0.253020766343118,-4.04262997847406,-1.01618459008841,0.975119889616831,-0.286634035822883,-0.283329077069486,-1.78524736597462,0.285655132163251,0.0357633961109588,0.936834326729105,0.385290781803742,-0.28938757405928,1.70905592350671,0.704806095300905,0.260566157284519,26.0566157284519,c(958019.953889341, 665803.657549006)
"96","090091427004",2.72550429814116,18.9375182928882,113.209206340308,12.6916150605726,15.5,19557.3991158853,7071.5671443163,100,0,0.890560918231743,0.573539336715636,0.921441079389504,0.754411656037115,0.935259987213201,0.995093207288033,0.925374996024137,0.847528978411225,0.922032939173322,3.587601229946,0.442947482326249,0.943793659793103,0.18139084850285,1.08746198862551,0.888616530734372,1.6943443527468,-0.297442286671773,0.245007877483276,-1.01618459008841,0.940250976291618,-0.371217875300903,0.343861813595579,-0.163704558373002,0.714386792748683,0.691038068646357,0.935175001982881,0.825265116158159,0.325066203259952,-0.105542778607748,-0.504872665078697,0.0133141920094571,1.33141920094571,c(959767.891833729, 668763.775767552)
"97","090091428001",0,16.9958806570996,64.7357096933007,0,11,13124.786860507,4173.10912311535,100,0,0.674894226073648,0.335565405111576,0.680439908264127,0.698663776664427,0.854195677505716,0.983342194563748,0.774619197882078,0.475743861137489,0.680284657222072,1.42315702167389,-0.363210087383768,0.585128183621948,-0.527507394270799,-0.335036564097924,-1.41625800232322,0.573099022892873,-0.475421610756529,0.245007877483276,-1.01618459008841,-0.134567519680597,-1.42068531509267,-1.49359283583485,-0.434995468834607,0.165290636691472,0.611964065611222,0.319233708378508,-1.1404461584336,-1.48955918408316,-0.300846650358779,0.0255941366129867,0.12173881144337,12.173881144337,c(961090.581673766, 661570.878127789)
"98","090091428002",0,9.42935707244242,46.4724573645415,0,10.5,5033.13698018453,5807.1730958542,0,0,0.609539190084472,0.428618378997104,0.598413010985966,0.514294798494046,0.710076213934701,0.431397265255408,0.722627958712219,0.505840064544762,0.566226934949487,0.654470753138377,-0.363210087383768,-0.812584105442307,-0.79459742034154,-0.335036564097924,-1.67235517266295,-0.837327142859446,-0.375082189156485,-4.04262997847406,-1.01618459008841,-0.46027753444079,-1.01032076125097,-2.1189869078981,-1.33220678003692,-0.810915091148889,-3.10214092596593,0.106813678734267,-0.981320783018085,-2.3457060687179,-0.370207368381946,2.02838310085587,0.531098323786023,53.1098323786022,c(957912.096116666, 661228.837193456)
"99","090091428004",0,11.9245491807927,63.3329324020711,0,11.6666666666667,4899.67605654573,2007.22467192966,0,0,0,0,0,0.601618847093766,0,0.993559723870582,0.302408346310945,0,0,0.353639636490927,-0.363210087383768,-0.351664287457573,-0.548022241053919,-0.335036564097924,-1.07479510853691,-0.860590232784209,-0.608417378798734,-4.04262997847406,-1.01618459008841,-3.49803913298405,-2.90053213785754,-6.68144095814753,-0.907253922342799,-5.62067811739473,0.680719071020282,-1.61007293425338,-3.65581062087718,-6.59595249389833,-0.397352203808929,-0.568233111970665,0.000363650487318408,0.0363650487318408,c(959757.859348058, 652579.700249528)
"100","090091428005",0,19.0831399958423,84.32072952198,0,11.5,5320.15636316944,1479.57420675025,100,0,0.495534006881202,0.274184963800621,0.501814102551544,0.806153755564996,0.927019524288147,0.944095958968785,0.649234168987722,0.367228278662923,0.501508013540022,0.358474749683679,-0.363210087383768,0.970693363665858,-0.241087245084078,-0.335036564097924,-1.16016083198349,-0.787297834396104,-0.640817666282189,0.245007877483276,-1.01618459008841,-1.02844537861466,-1.69137368066993,-2.85548172493115,0.0880926659890565,0.658569300036953,0.347871342254695,-0.193050514501177,-1.71419237372949,-2.83150310058578,-0.396915917984009,0.321367621239583,0.182193353380793,18.2193353380793,c(960386.673258167, 659276.769645141)
"101","090093614011",0,33.1062911493992,598.147597470653,0,16.3333333333333,4313.75893570796,4952.07828862725,100,33.3333333333333,0.8207364693394,0.934925245957876,0.983010657656357,0.947937411216053,0.89879542487608,0.832915222526546,0.821468131863766,0.92926813109932,0.98450844630246,0.457116448967217,-0.363210087383768,3.56109442162015,7.2733482500741,-0.335036564097924,1.31544514796726,-0.962719322699665,-0.427589141027252,0.245007877483276,0.140224426694994,0.592266740109507,1.22249763123739,0.813284046365747,0.778067198885714,0.467390906595186,-0.400277442633696,0.510643878708906,1.25743834351266,0.794023584915843,-0.388015200787166,-0.569509257408284,0.000102813083403694,0.0102813083403694,c(950805.130898451, 673042.403617472)
"102","090093614012",0,0,30.1539632150107,0,13.8333333333333,8744.86021114487,7940.7381104605,100,36.3636363636364,0.774418307825893,0.986635309968914,0.888786281290107,0.990974094453875,0.967850972963054,0.396983371933808,0.738260508856261,0.934491282987965,0.968865145734939,0.37200934617732,-0.363210087383768,-2.55440491795549,-1.03324642706692,-0.335036564097924,0.0349592962685973,-0.190350118098634,-0.244070990645777,0.245007877483276,0.245352519129849,0.361430832181492,1.45053953533731,0.0948932699417666,0.987500474379171,0.935144670807901,-3.33371622664952,0.170683415598271,1.28505431865364,0.676600908226926,-0.395694653380517,-0.253763748042823,0.0646395316522968,6.46395316522968,c(949210.064108085, 672784.278705774)
"103","090093614013",0,4.21875013288824,108.638877711012,0,17.5,5938.73523934794,4412.09621923422,100,14.2857142857143,0.735693417735221,0.922210713758024,0.961974514365871,0.994347748984753,0.947421842559765,0.858980624274432,0.782182698054278,0.886708842583111,0.963051553376888,0.468670708346289,-0.363210087383768,-1.77510398282247,0.114552304590916,-0.335036564097924,1.9130052120933,-0.679475592276423,-0.460746648579712,0.245007877483276,-0.520580725752664,0.168437525206516,1.16642641593248,0.652899102530437,1.00391799231104,0.796766178268889,-0.224880163668557,0.35013581720388,1.03241784272345,0.632962574173701,-0.386972627555976,-0.256605650634946,0.0640586617353923,6.40586617353923,c(949840.566091734, 673889.056770582)
"104","090093614021",0,20.1957205744761,198.837197523055,0,16.8333333333333,4731.36943557253,4974.87901868032,100,60,0.847699586982896,0.786715217025625,0.918451306460308,0.967616345028279,0.967424926500869,0.878622904843999,0.866835843812335,0.759665135610927,0.919374085545854,0.311062211249136,-0.363210087383768,1.17621278482829,1.43365315018343,-0.335036564097924,1.57154231830699,-0.889927149927304,-0.426189066058492,0.245007877483276,1.06535164012172,0.726642879801304,0.568889908044489,0.321067019097942,0.873832561279891,0.932258808021533,-0.0927048533512648,0.696002236595349,0.360709278936901,0.305108157417022,-0.401194084309767,0.152920930907947,0.147763737359836,14.7763737359836,c(951917.596081419, 675781.453700432)
"105","090093614022",0,16.9268807070846,223.425582210838,0,17.5,4496.0568862335,6783.0228656936,100,100,0.850853507735983,0.876308405015396,0.999500122735725,0.879708931825662,0.862291065325822,0.949850790963475,0.872936085273473,0.864685095076809,1,0.328253398181333,-0.363210087383768,0.572382293517771,1.79324476010472,-0.335036564097924,1.9130052120933,-0.930943627608172,-0.315160299250238,0.245007877483276,2.4530424602618,0.742361080541192,0.963996771172868,0.939003951108215,0.446040824043942,0.220125450555336,0.386596311182213,0.720925925522601,0.915973351616972,0.9103072101894,-0.39964287529499,-0.570012269803531,0,0,c(951586.619910036, 673912.661088173)
